x,y
-1.3539009508122812,-2.1854000873954003
0.6744897319540932,2.2093555054005236
-0.002396763480725598,1.4682293878349773
-0.14689700458873553,1.3018423560330268
-0.3363746009779115,0.46701408549407075
1.400120937351823,3.108871367890657
-0.7651992485644614,-0.3149835066785764
1.3116123438132201,3.178739466713307
0.7218956584702825,3.860719287694011
-1.2938144163702652,-2.050087257881294
2.233547705026723,5.257132453150037
0.1009276496496112,0.1212706907243597
0.8460328864241135,1.0092850761658814
2.5946567883518665,5.789047407176661
0.2972124403568194,1.5597904830194282
1.2230791554348501,4.651972216392105
0.8364684369462749,4.144192508938188
0.43583017888839287,1.9391542144922569
-1.5972384994012625,-0.9487646908957525
2.6107147475967873,5.564916813968071
-0.2506212467184877,0.04502379072299195
0.36993286306983714,2.076885607378468
0.1258730092105582,0.43656393156425877
1.1161490658099156,2.4436578014996035
-0.8963195659787856,-2.618919000786989
1.8970863104099052,2.7698508008478107
0.3950000193419851,2.0572663471497625
1.1633675139898774,1.9432875409469732
1.820611141224863,5.004537827366722
-0.256841117315525,2.157245300929453
0.22547639861382524,-1.3228135549336075
1.6518394884722234,2.4081413340590148
-2.4668997589784865,-3.662560090975149
0.6565042532216346,3.0480416038028335
-0.7585772481268622,-2.0119793833094928
0.15627501296003035,2.083278675978212
-0.36477019114754705,0.3911146002318572
1.462855679714424,4.526898418921338
2.1301996713499003,5.691898692382785
0.4394461787574355,-0.363213351653767
-0.5510633927124206,-0.9664353920104021
0.27249418930051716,2.1760882878024335
0.9575088143616234,2.4819153760880193
-0.2746760930769389,-2.805645777101974
1.0308933719091242,3.7704196404891706
-0.7245492293729238,-1.355876138881447
1.9028462941381448,5.308334400095582
0.29570143118522774,1.4994291799880701
0.1844241124702704,1.0793971527951487
-0.17325377795933072,1.28373567779935
-1.8518095229137006,-3.990667998293011
0.10346867073106711,0.4323618996130122
0.17916399610983794,0.9563145707975668
-0.26786190466214815,1.66757895183938
-0.07328300357849583,0.5287640840291825
1.3711817914670827,1.7379417441681455
0.20324715637767166,1.0251047987159734
-0.5472934997428283,1.4153747851618184
-0.5918405263670244,1.7588151527074578
-0.483077449853125,1.6716448928906478
0.930314789470801,2.7153619444442545
-1.8718580403788803,-2.5451739361703125
1.5891416303150534,4.290796324611773
1.6286037771868245,4.178653709304198
2.5913031649705616,6.972603034956799
0.6612687599561957,2.5703266441618173
0.5561614275638207,1.510364345070951
-0.0371361928642442,0.12212103935027419
1.4991719541269406,4.445222553871244
0.840201464873149,2.6468721979622565
-0.8312010780939914,-0.47243035389887394
1.470557603992188,3.4827300673594634
0.2381376525940368,0.3813798237215422
-0.7593620345111416,0.7892292463103869
0.14547757229110317,0.884641515273509
-1.5218545028240895,-1.3500062488138838
-1.9865290561770168,-3.0981509138873715
0.22477318349722078,0.5875290792437865
-1.1894854750315806,-2.277014709489669
-0.0410353678038416,1.59199752125647
-1.7146614928737947,-0.4198548074728614
-0.5554121562427047,-0.3387231069468031
0.26649288691244294,1.0370047250499446
0.6578088892618786,2.57123802668042
-0.06897392357370984,0.9924571208273508
0.2168865836802333,-0.41848775066847543
1.1740847114044117,3.448416658880801
-0.6379148943320743,-0.13878661165452236
-0.44774923161133856,-1.311758951552667
-1.680612198678052,-3.684864514943889
0.5366093389289526,3.790550651992272
-0.9007166521475818,-1.9083186718301952
-0.6266012176566538,-0.9205405986338473
-0.0073163059931985065,2.3481374426924417
0.383684423156433,0.17788521201950092
1.1531598109700385,4.591838418526369
1.0355867295859236,3.219283569513025
-0.7284995083280903,-0.8442480441470224
2.4520299847496303,5.368953282646746
-0.10656361423222102,3.1666035819487246
-1.0113215490536385,0.29404524824971356
1.0900903574589198,4.486879683619763
0.44985567363613904,2.903769883416958
-1.3030955889661073,-2.451908501983921
1.8051829381113984,4.277121036261819
0.5304045033763362,4.027919055142739
-0.13249180790705656,0.6287617379982466
0.21429729035127432,1.023050181263076
-0.29653440812830184,-0.19562008386377072
-0.900606869476537,0.3603048575542924
0.6901915930496687,1.66656902544544
0.9958133459975295,3.0655658320562456
0.33159565533516316,3.3620448796325912
-1.1893311208555302,-1.7930197908138337
-0.15506840136200387,0.45518839620551443
-0.6455724461891068,0.05228853874359862
0.2806194679120657,2.877825306908222
-0.017443225606909064,2.210748404673528
0.17933295301579041,-0.20946339397543645
-0.35840523736713237,1.6901979464580934
-0.21700236130969047,1.2173572041103815
-1.1275709349053409,-0.3087755391795344
-0.5964201016141036,0.7036115354533042
0.5724293513677142,2.1652461422842153
0.8599324638221068,2.1153895125898066
0.7600769865758568,1.5282023206288258
-0.03747807583562093,1.270863008305411
1.364661968501264,2.1268006271808657
-0.16880499759743503,1.7629155746153773
0.6586064977203705,3.28330836604682
0.7871188065994944,3.198416570807742
-0.3569590647918637,1.301981365544068
1.0558511257173493,3.5186861624832555
0.5215478594180823,2.0473182473923366
-1.85546902204246,-2.1907555313486347
0.5476811068548225,2.3214876511009255
-1.304157124696697,0.2005744129259459
-1.6895359192187869,-1.080634030510973
0.03027230408032848,1.3803774328859646
-1.5100116633814644,-2.6500784082103723
-0.6030608033787102,-0.660267599207626
-0.7333540697285433,-0.8792011676426874
-0.016844064844206485,0.5604209209246378
1.1644591270042257,4.215194925954102
-0.7142359417243249,-1.8221420204023837
1.0372392363059604,2.219033085764615
0.14092067845789935,1.3054130573535045
0.6091575708418914,2.273761086688154
-0.6153392619876935,-1.964750888580371
-1.9135662467308823,-4.364462786524807
-0.43871234343910154,0.30395848526405644
-1.1623630650741814,-2.3083981106876523
-0.7866661556958978,0.18623200781254867
-0.3696385050762275,1.3136075652751367
1.1921504752160017,4.22791719079654
-0.6355452581186396,0.6253870324335838
0.6145870271561801,2.1962818067562333
-0.7607554189411058,-0.549418997024858
-1.98119776720277,-1.8965616201842663
-1.5220267971493018,-0.16306224966527494
-1.110275576760102,-2.460960586897057
-0.9412165182676683,-0.19406900410315164
-2.016993271864282,-1.5140963921127235
-0.15069497918521607,1.5241692873989172
-0.8715337948209069,0.9230944399145933
1.0716913999452182,2.497839288462794
0.6220768971417358,2.013917208270101
-0.3431544054345917,1.399025848194778
2.913078073301341,5.967776145038908
-2.3415124024690352,-3.8083819243234673
0.07305687015082733,-0.6473309994092293
-1.1435607174984859,-2.588306647957341
-1.4592792192336659,-1.0235067195647845
-1.4805188715992568,0.08430952779974188
-1.0856732152631388,-1.3408887243203222
-2.044361964778717,-3.5328137286754773
0.8169796395565803,2.151238937049657
1.5031261973999162,4.473305729127065
-0.6493582821143441,-0.2507056813772489
1.228789133848943,2.464104013866151
-2.3072164797538273,-5.109287391884332
-0.1465306340209634,0.5195004769623477
0.9456610379941548,4.301381198737922
-0.1462043896637925,-1.0088381724982263
-0.5190708191209611,0.6871602163165321
1.1656497387816736,2.7425482234508975
-1.3830454156490262,-2.0900752479963525
0.18497426767347472,1.3702581389778246
-0.19678819530201855,-1.4443408853776
-0.44287217958541564,-1.9693873731407279
0.14260339033549313,0.21886272139445384
-0.5822315879845035,0.7788574426956919
0.09169392199007727,-0.15488997738430843
-0.4833221563331526,0.8845500145972778
0.44204058197513824,0.8425124685342711
-1.8486863310185708,-2.1505968551432453
1.465196978725185,3.676352038659223
0.9489114987396025,2.203513547919282
0.4641053758391556,2.5338496379486757
-2.2551056392644853,-4.595337991760618
0.7721245949858929,2.4321790329970914
1.8807311140219334,3.422707771226734
-1.8842102772092406,-3.87988205712083
1.1971206147676974,2.0911725468872584
-0.8969479496431944,-0.3350686255954203
0.8361357565511695,4.5446681834216545
-0.6764937923450292,-0.45493380986012727
-1.7498149456180356,-1.319326841190573
-0.06521062813841202,2.471326286886258
-0.714439702880561,0.34499015329654503
-0.9264840112408064,-0.027593706031843523
-0.3721400441746511,0.5427544804631554
-0.1622160251146377,-0.5652012687435848
-0.4199377547734618,0.8257295203913269
-0.9226006648911063,-0.11874026471266219
-0.1831296071347125,-1.1108233085356944
0.8623055745995403,3.734564099073032
0.38027367296793896,0.8724834767100871
0.7903043346662147,1.5205654860226918
1.4071609425895948,1.6936523893528102
0.022136798043633846,-0.5347888774609972
-0.884298989326337,-1.7818446826542855
1.9402460043584935,4.457724812787265
1.0600228459462457,1.259181702780236
-1.274158883844071,-0.13187443587359415
-0.6159537017287284,1.7496701712131846
0.8108882555570901,3.8929393772217216
-0.8125063818633782,-1.0595061743801946
-0.3986537982512353,-0.44389431070373575
1.2175474375955309,4.624948838089827
0.9708831298456772,2.938318073040639
0.9552560176355619,3.804634151210911
1.9485704167256221,5.148850981409041
-0.280754321687221,0.5153874400330966
1.316129156348496,3.9303213993701287
1.0361463596092044,3.433636245982993
-2.255858001457277,-2.636885381021455
1.3610223234520442,6.202947672674345
-0.5302041480112948,-1.412528466400482
-0.7548843183161073,-2.949895244843761
-0.20015757824563243,0.49833192161665685
0.5184446514935491,1.5266418880547445
0.29259578265988606,2.5340767664011654
-0.3821365668564424,0.5387211294840879
0.1691184551358113,-0.07168277098762732
-1.0174008621947448,0.06100611346923035
1.4129345353410132,5.513879471289017
-0.10541326177692613,-1.2204987089390018
-0.7707289276776075,-0.607566201141782
-0.16144372117739508,0.07913666875272796
1.43686651657148,2.476756638937614
-0.9930685002637274,-1.2946260051984406
0.031313640888379395,0.16701920886900234
0.013425845389907475,1.8741583997048574
-0.7835373339774427,-0.9048817226845671
0.6872573145066251,3.7043547280937332
1.311950547871331,1.8072294103422089
-1.5109337653470518,-2.771977016793851
-0.08760830883891019,-0.014589632935678942
-0.7309192053020669,0.0391729056057839
-0.43511289616384913,-0.1075572562262537
0.46821875123276685,1.0967371061040714
-0.7393199081506525,-0.29004000289765697
-0.4458307083599287,-1.0290936057423532
-0.211454128011941,0.06460710570445083
-0.19435809097358864,2.670380672426959
1.6010369485417961,4.450648819880991
1.9616448659136627,5.515646560937558
-0.598076194048626,1.1970653345744213
-0.427657459286712,1.1210358813969459
0.26934063751443726,1.8006679573846816
-0.6221858497443236,-1.0080727201927884
1.3493062023535378,2.5043401273311883
1.457659846905518,5.658130442532027
0.6484745867308437,2.507404449620533
0.9140490098789724,2.301338641032083
0.1922480364285003,-1.320297523811263
0.9593706420182033,4.965218104746592
0.01173264557544661,0.7332256111835752
0.10082291558623138,0.13122073873217044
-0.19436559484251761,0.5341690329294169
-1.166231602683646,-1.1735114094073862
-0.2769486021243341,-0.16098808207767235
0.36807098618413875,0.9853844943930641
-0.33239508367357457,2.0338267591993486
0.11704360165049285,0.7732506525304985
-0.8844059050066199,-1.2573070792419443
-0.31055879795190044,2.170295526540031
0.2996942245608006,0.576705780456666
-1.8670811600578578,-1.9900401336333116
-0.5665427190926152,0.1531903934540641
-0.5464943227132084,-0.12406657055252658
1.4620316210807653,3.7055904236627693
-2.115627280036682,-4.99633782915394
-1.3602616275830053,-1.9010538621327877
-0.42532463428230355,0.4253355861602123
-0.20810538644475335,0.9596181344403736
-0.23572727251986952,-0.9441741333221662
-0.10526624302247337,1.6627769386198081
1.6860917984096957,4.39848342780903
0.6765160228735239,3.426183589291498
0.47990047484868903,0.9464271335621521
-1.2175280459715903,-2.28897632743002
-0.237120318677466,-0.7887910494518797
-1.113539946219454,-1.6285312916708117
-1.5556491177732434,-1.1124583741259837
1.2058159137400726,0.9593094412215359
0.8206762504925385,3.2016367543602247
1.5053743371587796,6.2124779919395685
-0.6248525859057313,-1.3107227454765216
-1.6147754656147848,-3.3857424703905235
-0.3797096353315654,0.39535430524529935
-0.7324994459695046,0.4692629055899603
-1.4444411963772428,-2.0559937265715145
-0.07857424250633477,0.6775316856150647
1.120656423780313,3.3142521498205486
-0.8691630268585596,-0.28837381578346105
0.8994614887788153,3.0408595572903336
0.3294013656927093,2.2144004028695257
1.6384608668880514,3.996404578216009
0.7349507034892411,2.0622242969631737
1.10089819271809,2.1706525196658273
-1.619493432774557,-2.971356653158284
1.4589527766970123,4.398929926521081
-0.066947754747353,-0.8207531953926624
-1.3724817667368174,-3.0685504955933602
0.6759287246434621,2.8719313756192992
1.260676278075546,3.3427814555454773
0.7749841092770351,0.7088945593015961
0.5317922975459412,2.1568964765219003
0.9777970077931973,1.62980230200201
1.104214257633476,3.9432953964976534
0.09370449077328456,1.0389258480714467
0.6531023201931153,2.1228590735998667
-0.2831769465560226,1.3728948625062618
-0.06514569718085982,0.32330026602664663
-0.7467632612064852,-1.2856775837133256
-1.0112335854203924,-1.4631808211064607
1.8167215983398848,3.4726651202816585
2.219096906412326,5.614096728343245
-1.3406825145403325,-2.54941298130436
0.5608506445991001,1.2598438180754608
-0.7838267418619129,0.6909499863001296
0.2114858729992649,1.3724627022363782
0.35482235414355306,0.23650046781456502
0.7338803793820466,3.0281010184297736
-0.1519466050355214,-0.6188130367000892
-0.1517312922583369,0.20782972761075524
-0.2720807786455261,-0.5428691114066173
1.0101298631753486,4.058265111131722
0.6620656338281046,2.3480055851925274
-0.7543660793890069,0.4958146520908653
0.60660694240787,0.8716178051667991
0.8904322318102882,1.146274282686195
-0.18849030014286278,0.9049224338962228
-0.9706926895607079,-2.1423281190215406
-0.1822874356803055,-1.0094102539587217
0.1280277545310107,1.5723771759187042
1.9487355161337911,2.893889854731932
-0.47551458956936976,1.0444925740882665
-0.0630673626843236,0.6190133554771562
1.6422968090130785,6.718058861495917
0.4337874804166403,2.9168422976424813
-0.029715143007917187,0.01141713748642792
0.10927849345390488,-0.42569015091530593
0.7049291932636128,2.0929389998332697
0.04034147788174771,2.1526000985755713
-0.8489586376797723,-0.3880990049587608
1.1547781982802308,3.6223646801415104
-1.0307935549900598,-1.2198942980518583
1.9070537730476902,4.001909500137959
-1.2391318164137335,-0.17575395314509779
-0.17569124916499448,1.270846753939892
-0.145151139178656,0.7715193451045914
-0.8806831718730513,-1.0144605854954507
-0.9584450737643417,-1.2324132119195552
0.9289688504553734,2.54417641805326
0.31937032939361615,2.561073376089741
2.2593586058245623,3.7272618344465664
0.6529560940378054,2.03238065873416
-0.12395235686227458,0.4639051845594238
0.9320676348998814,4.738485703008141
-0.40738257475049866,1.372472726576233
-1.6532548801824665,-2.323403479845763
-0.6837325610263254,0.6573352943286932
-1.0244228642921769,1.6653301070805622
0.08910749687694065,2.946807774632884
-1.8220938348266538,-3.3079203659203165
0.415791785906992,0.345486600026206
-0.001620013229512355,2.4038198409979787
-0.4259196854672385,0.8238326064814877
-0.09467686119151224,0.38831531616248066
0.2227087061480692,1.7365680634463727
0.4835924741851038,1.434351341079375
0.21613267183079865,1.8981471256983906
2.109523437017361,5.954405687940571
1.5843088044481168,3.0479623009467014
0.339058666546033,4.062290504323212
-0.5565385492509908,-1.1151155915504833
-0.02136251812986524,0.2618517288779627
-1.0599905013364195,-0.8734706896408428
-1.1712378794173344,-0.8710423152989857
0.14497265712677088,2.04881951667753
0.8604752530115788,2.1722563223514095
-1.498347140866838,-2.179447181517431
0.1573031308012494,2.381588675927591
-0.3518876084859705,0.6964261256544154
0.08226168706580718,0.06804546054398197
-1.584031182609423,-2.3649504799213585
0.23426898863925946,0.20704915963505144
0.488363489068022,3.6709480605822677
-0.5787925550807059,0.20072823154422154
1.4107665608654067,4.937646899178816
-0.059166205434469744,1.8547721862061572
0.4047899791166057,1.232403690383315
0.5368435203108776,4.140033411433219
0.7273648033796133,2.636369720997085
1.446479004916115,4.882133163095472
-0.6265110912019358,-1.2863836782669036
-0.051661308605027656,1.2437608724936366
0.15663614587290847,1.1553935681629077
-0.4461720036116504,0.41927375688399193
0.9293796537298691,4.708668784819976
-0.7179831266653721,0.6800442799662982
-0.17638186117930757,0.730006089786252
0.7287711384767841,1.606394788016353
0.17951533520207597,0.736301182709113
-2.0773606152837765,-4.1504909662620335
-0.37177788574988907,0.001957457956712927
-0.3723654787983213,2.542895219323591
-1.1107014176349097,-2.0014850902394876
0.18359549597534428,1.5518031257284297
-0.5675299299382711,0.5331632725871421
-0.6876784614120008,-0.0758729608204482
0.15355079123434073,0.6672564543284628
-1.5522331202248307,-2.7214084082091343
-1.163277908667386,-2.0243331736680283
-2.2236194979004273,-3.6875929630415416
1.3596862610709135,3.4253301550144277
-0.025791557276201946,-1.634890770091903
-0.07846094449990046,0.38146115666177954
-0.8548466111204619,-0.7872516506086795
-3.723570782998843e-4,0.38933581842714016
-0.8690090836967951,-0.6398322913161325
1.5728095875603636,4.727024558798177
-1.332898180042843,-2.447121220045063
0.3157985104019163,1.2556433099813498
-0.26932043365036873,2.119880764810183
1.1733516371314867,3.5717044031780167
-1.0609428354590977,-2.171024182021167
0.7864647057720565,1.841142464165718
0.46691010143867684,2.378273400595625
-1.0991010418132676,-0.3862212581622644
0.2654883730020999,1.2778633579403464
1.6140316401011219,3.72615223417245
2.4381913504618185,7.780799297604435
0.24660899243905252,2.5575777488274958
-1.1541688209038226,0.3225590054945111
0.5171049698464474,2.0240008202197637
-1.091618667720907,-1.0575639949678552
-0.18501425338737393,0.3033216530607415
0.10442376932780828,2.7000734131702337
0.2736565345988132,1.6668737613277098
0.2984559169899913,2.198404668752175
0.3550579707759782,2.917498664345497
0.5830103268279325,2.6297065440943492
-0.7410755506351413,-1.4381493468386601
0.5127951258599606,1.6948903876041115
0.01436744567039215,1.4830350008341209
1.1643271404505797,4.302555956387947
0.7948765969523287,3.6035199989019193
1.5440812248493585,3.7871808214778695
-0.3843108706581051,-0.4654252648735263
-1.4355357918944942,-1.9080458291653606
-0.5473987522977005,2.1328644281308975
0.3368319927267151,0.15037813802761413
0.510360775658783,3.1116678050740454
0.010332566461005284,0.002494557889093141
1.3486802807148381,3.5860977111652383
0.3934384693416679,1.7036938683458143
-0.5727614594975694,1.3135344697729239
-0.019783203421025717,0.39513351850603984
0.34016058152144457,1.778156027211489
-0.916550638212647,-0.8163325592852296
1.1430767244872926,2.3891878938310094
-2.243762880653977,-4.642646025995317
-0.2297036707366298,0.1812471753678378
0.656397748846367,1.830010221868775
-1.1773787793141604,-0.6966017222705615
0.8251733095197704,2.4258520894733246
-1.3193158761139063,0.005258466141103035
-0.39331354062124335,-0.6453146779489767
0.8339598031617071,1.1382557012578483
-0.2564122917984775,2.3522083245553236
-1.2545711703001219,-0.76826306984287
0.36585582398624217,2.617848619273726
-1.9505838830116013,-2.955567306412117
-0.07511349818193266,-0.1799046928128294
0.7951598500662912,3.8201095851854836
0.9273624638816457,4.637013260713964
-0.9569532403030807,0.050203125568484164
-1.2000274289275723,0.050286189488417454
1.101434333523666,1.0817808930760537
-2.6470561321943165,-3.9509299563593347
0.2400624960327536,1.9017827767264337
-0.52563402150307,-0.12364525786442367
0.04868557607190668,2.0810239771315886
-0.9035229460079881,-2.0412867905595737
-1.8767765484045622,-3.540790696625081
-0.024285819091254816,0.8327932165010581
0.6661494461966041,2.364132868493092
-0.45515822465923533,-1.0273030738999753
1.1771024783870059,3.1429982173929774
0.26285054771595295,2.4598969848500225
-0.397536944872316,1.1046063613212462
-0.6688031714974223,0.09066838841637681
1.4005799320955812,3.852505802614948
1.0190740007338086,2.262825923276786
-1.1345424371736739,-3.3076889417522803
-1.0317581627834709,-1.8375143438813208
0.5234700584423294,1.4236922769048679
-1.299501874488468,-1.9674975815825977
0.2664260224493587,2.026732847141286
1.9748892676576644,6.784738867676362
1.148909848810184,3.0052687657047654
1.0461411578515605,3.2706554844630378
-1.0616781339996395,-0.7353032282835175
-0.32066529038467245,0.09586520264722631
0.5437149889698452,0.4113129938899662
1.5516489542696865,3.062030108444598
3.0736546872009827,7.9918529547332735
-0.3681262080188186,0.5858334506305805
-0.1631056942300386,0.4153869500811064
0.43771593402368214,2.2976563069785367
0.009615317460503613,2.208868250789177
-1.045442608951597,-1.4754257831823299
0.4401143179599318,2.094140603785356
0.4611583240444611,0.29455197196109273
-0.003437142038067703,1.3297357587689083
-1.4101031356285363,-1.3114708721467636
2.120409409772957,4.997696094332009
-1.2589824528396538,-3.1295488008292867
0.8093796768944846,2.3963954910354333
1.2098678342933429,4.96305455842904
-1.062249456919024,-2.3274857691779354
0.4587975025505027,3.030272302357615
0.3033320853223645,2.7552398374486593
1.3369054139196517,3.2562582794928248
-1.5172458124364232,-4.7880129055220095
-1.0359038752037204,0.04552679029099127
-1.8646313207488534,-3.405660382990105
0.10818120693772422,1.3378256464075655
-1.6525242056478098,-2.49885591133737
-0.2225410186613176,-1.351080759437911
-0.8718169499546743,-0.5821643703452947
1.1401603200842296,3.4426088157226875
0.12913138780722414,3.2103530821058843
-0.9296591276352743,-0.6432964470021613
-0.31266718929437115,1.4037253896118895
-0.09525154020690961,-0.03135749834126733
1.8379697360143108,5.20268541640251
-0.20912833957822624,-0.41243566247474506
1.3790837413774484,3.214660081023757
-0.3879365856738711,-0.5213344902318281
0.018771614366089956,0.3435962690896729
-0.49897524348828504,-1.4134753698010043
-0.4974621673520833,0.5893614161584589
-0.25924725146763755,0.7361298110123815
-2.126501632069541,-3.7116704947584074
-1.3723686516007432,-0.48263840633012633
-1.225893089596062,-1.3738211774107434
-0.4372331214656007,0.13058429748804207
-1.461457841892541,0.1001483381236059
2.0413461680119913,2.9490083534000897
1.1648142378804538,0.5352281202143083
-0.5605849971529241,0.4318737395360055
0.05993630471803778,0.4817929350585797
-0.12178848202926403,-0.43084289022370104
-0.13340561844324458,-1.1480495765920604
0.47647219064607577,1.357166349866306
0.33860433437630016,1.5826181370358974
1.415664983638868,3.9524322126484117
0.19475848152456476,0.6839000554986293
0.14075099701856209,1.3190195349622018
0.2272545595422277,0.8862397589670606
0.24617888575991556,2.132023658176319
0.26311152524036796,1.2657621508948285
-0.020730029015219403,-0.8410116861196447
0.24204354451745913,1.8418549788846208
0.9643554634977033,2.0992960789034814
-0.05634260934061516,0.9422095300291436
0.20279686333253202,1.008762247902364
-0.6228467984342031,1.5282068697060485
-1.3020388209303804,-2.516584802487574
-1.0593648845393,-0.8381803387426316
0.09793256458894754,2.0316409372565927
-1.9259471340578143,-2.732483588615655
0.6516144952608345,1.2537198695735972
-0.36251217168194994,-0.884694189606364
2.2709766929850534,5.751192366833632
0.13609620508446477,1.6637991613469474
0.11142470781613789,0.9272596269618936
0.1197949267133021,2.7433592549792483
0.4071396213458292,2.51908439782146
-0.9897711173651688,0.04631315914335565
0.7431953737768255,2.334852470266559
0.03808653032345386,1.1086802937193334
0.10668522791181326,1.3426385946268984
-0.732711225601528,-2.4903272580509634
-0.7171386708490504,-1.544886345019632
-1.6850933420658798,-2.4544513952657514
0.14141966775852788,1.0502230550161455
1.742725220981391,4.259961256083961
-0.10599167081977433,1.2112574798104512
0.7355957872016452,3.946888582207022
0.7578990327198846,1.043863340799803
1.0518993689868512,2.390233142927765
0.5799456411421429,0.6367594263919119
-1.774760349987285,-3.0227490811687843
2.1928657035545283,6.515480221532265
-0.7840203939612616,0.40699763443006665
0.8736136739637947,4.090216509699096
0.5012854485674428,1.2527270702761317
0.32418986011294265,3.463419426943738
0.00292182301441561,0.8483465486762318
-0.7919069740591967,-0.813429080332235
-0.009408118899756832,0.20152443989494107
-0.7077148649442813,-2.0198249626405964
0.11249721422558272,0.7611211240140672
-0.4598890265411516,-0.4492522937153841
0.18844097549102293,0.42856254032013963
-0.4526882994832992,-0.6485169461777615
1.9032321073456082,4.635651637100534
1.949563678859386,5.068491627978039
-0.5146648125325473,0.29396425852014824
-0.033271718729660414,2.4498948369008846
2.3705847845961077,7.542725704925475
-0.6511578741578841,-1.7821714300129348
-0.7300195472617379,0.8165437039504957
-0.2941319631516619,0.81776653497502
1.8005312414310155,5.782211570731713
-0.19348932118129994,0.5660248918983318
-0.6430074731465989,0.9747892947440184
-1.8896896526048086,-3.228837843823446
0.7426359705608484,2.4798276658101717
-0.9070139070215919,1.197648732843009
1.2127197526362576,4.371215907283149
0.6889365750712751,1.8977476037061976
1.203831085156591,2.441029265155896
1.5399479691118485,5.471172364738852
-0.8356942939430578,-2.109780572916363
1.125377370390022,4.383192378816317
-0.2671440762568206,0.09789651331458821
-0.2191612940801826,-0.8418072327192219
2.011316166809869,4.901061692521461
0.5703782917008676,2.1320260092068697
1.3461707178247293,4.474390296462939
-0.5825889347826996,-1.3834448511515998
-1.036659118074326,-0.9013778984449703
2.2853225530706593,6.425533004989228
0.042011430477234026,2.7267481164333405
0.2859105538322439,2.063622474058657
0.09456286674324405,1.2492640449529258
-0.6693117688621378,-0.2656061959380253
0.34308644114874054,1.998882677575803
-1.0385481210507583,-1.7593386121503065
-0.40289459135159705,-1.0988400193345735
0.3940622196379859,2.2002791386706164
0.35956004415042264,3.194292724646683
-0.04123323080757579,-0.20205875031690845
-0.7105991116481134,-0.2525461974978952
0.12853329300985328,0.37626424227408095
0.5818391698523592,1.8754273851952692
-0.04589005554433154,0.9712445728289517
0.1329165420859598,2.257060826011619
-0.2678423472476242,0.8156992328392376
-0.4528907318839343,0.6270700646855908
-0.28913760146683015,-1.6778013974514447
-0.22900586390768413,1.6279864221052716
1.7976962326961083,4.299483360832573
-0.10964887776091929,0.9640654208880471
-0.45627838494016904,-0.04541829417465734
-0.2725305963771108,0.7531506873850415
1.80177154134115,5.261719360526172
-0.475552265050316,2.0047120526950337
1.4080664404487706,5.990273072583272
0.6347258162234404,3.1009233474352973
0.2754206688772759,1.1196877487551513
-0.2646511233551197,1.864953191187389
-1.7366970317402712,0.5383116586544068
-1.0926983212973544,-0.32039257879412786
-2.4052549533621654,-5.3419162828591356
-0.06765640741073373,1.9406613769040673
0.7989037292378814,2.650024037479765
-0.6061182230559833,0.2764074503831678
0.683220761083595,2.8511242116190707
0.1826838430148844,0.9406838215376248
-0.9520727091237243,-0.2709945552363173
0.5447344210955194,2.10256232522459
-1.2986034872955639,-2.8338179724711354
-0.04370627246240608,0.8824350746256505
-0.7832982253663521,-1.5866751806323525
-0.4563413699980248,1.778834504700057
-1.546089453558012,-2.354430271208157
1.7995142635821053,4.6148296277189225
2.826126641101539,7.817587073679989
0.41852011943169765,-0.2056427703922421
0.2096697952734481,1.865686132897677
-0.5907108319524421,-1.1099655253948235
-2.0706911766131024,-4.341488386098852
0.5613667020802648,4.349323969395934
1.775231429980321,5.198785823300298
1.3228164696534912,3.480816182916386
-0.6112966189631943,0.6809830287093511
0.15203252353040356,0.5720047522204715
0.792590108474993,3.756155028635729
0.6851290380342919,1.7871961921331079
-1.3840414975204811,-1.6323881930562967
-0.7098114539847488,-0.9144217718306096
-0.04554785727143418,2.2125470310671567
0.6466756637763243,1.0670333507907805
-0.7661014377241825,0.2976759602994893
-0.9429399529446426,-1.7754089652963818
0.38590262577856194,0.4114072115302496
1.1107073187354397,3.2250067849821162
-1.0768271341389972,-2.2041116739805497
0.6832896532762376,2.37448480769111
-0.5823759657360732,-1.9428455745324582
-0.9085135034307137,-1.266305639832535
0.7936096142573588,2.570735142903077
-1.3567991842257534,-0.3182627023632625
-0.02358741679055552,2.1176056494093256
0.8016911758291214,2.524421655778679
0.00732446803216096,1.3328577722965202
0.6277931642464424,2.9354727447511264
-1.2507144283615812,-2.5576121185364213
0.5914278852372735,3.7212535749147184
0.8379017472267273,0.11202107983749743
-0.13036329538542052,1.0327542962585308
-1.1873053366276525,-0.8216315267303642
0.18342240003724142,3.2369434940779316
0.3004252958737691,1.7236458503826657
0.6703326770231989,1.3652005260690019
-0.827133734979841,-0.7338492937523817
1.3875135757435744,4.481308780491243
-1.0609619514683835,-1.0773805612345422
0.47666978916138975,2.0629368745270944
0.6104935057867726,2.8338033117296657
-0.10078638478675649,1.4790577429926242
-1.2022780984110921,-1.3676834208156126
-0.5613743179210228,-0.32572402231325503
-1.4682244221487057,-1.111184759214844
-0.32297719208337283,1.2948326491908713
0.03230951215795889,2.50439213863054
0.28451214847146566,2.389936662164593
-0.19628482693604568,0.3843377524670595
1.5227308578553609,2.2729722087500503
-0.23653382389167732,1.3827925447329121
0.8699963170512627,2.496468460914678
-0.4452570618969621,0.7704290679354204
-1.6710199766360838,-1.8091358733971163
0.2296351031577788,1.3326675032158881
-1.0713609060269305,-1.1522618146557413
1.0797798647239003,2.988565381191983
1.0673433425436898,4.4859141081748115
-1.2228341291791631,-0.9924328500965304
2.0640152651356813,5.232069589295788
0.15998681158822853,0.4427586771597346
1.2450106838735344,3.573548735981535
0.11479859443794425,-0.11816623946834937
1.8203830474232177,5.144922648038737
-0.9413938662330305,0.9792637870385021
-0.0693799889816141,0.11086040339811765
-1.2188668984569062,-0.6373662560753564
-0.19551754886914102,-0.541620076201461
-0.45380296003260145,-0.14116986690225544
-0.006350927250129097,0.38536484527447534
-0.4985937021532332,-1.3625307655403256
0.00963020928529996,1.6259530395587882
1.3931109469512664,3.8102959712611257
0.6312174417550894,3.47391484316526
-0.0837170331762364,3.29327006737284
0.4734988576280427,2.327879533834905
1.362623616937688,5.678243401302621
-0.3816981400176042,0.8149984678448766
-0.8416768725727464,0.8462404749598145
-0.7952348249005443,-1.1325963454092944
-1.4808730627001494,-1.0830022007073983
1.8992697766215318,4.813721518340642
-0.18221544407542925,0.5065069330240869
-0.2152123431707923,0.8044172825414568
0.3940798974208829,2.7766440722456798
1.6777436224800948,3.432895368902156
-0.9353989927916324,-0.9954335607436839
1.1946907981847747,3.6935784406324474
0.3536271661064916,1.9601120516613224
-0.22767393825396076,0.9620377020708799
0.9030870272551331,1.8905582359840718
-1.0316179303609638,0.4059660572649273
0.2788368521769978,2.6326600907511066
-1.3166832900538468,-1.7360951014559816
1.5631666331669205,3.496034595241618
0.6326936932492708,3.3603227266161673
-0.28694282892855105,-0.6349264944472708
1.0117211422891805,3.2025105135327925
-0.20504485610671283,0.6645856159411896
0.7029829716697411,1.8572795609216741
-0.5779957252384834,-1.6980085764500863
0.7074358502214616,1.5896567873937055
1.443582216976018,2.51582256960093
-1.295530365032423,-2.2294066238533072
-0.01330694089149848,0.9353933090415834
0.8766254790040461,3.591250104940658
-1.3878427056588845,-0.7619708610011864
1.7266391913348864,6.167087875250619
0.4872489118009452,1.779720933847229
-1.4273622794317824,-1.7292481718878905
-1.3402034328326762,-1.8888989163286731
-2.4985559025740334,-3.3992304998600686
-1.9466603844834585,-2.291869433734614
-0.53115293456492,0.5515258798965478
0.5601066447649065,1.827317254996053
1.0404092622551042,2.974467613992277
0.42316284472218896,2.0514083233624945
-0.013314859704170831,0.9924356020527448
0.832599219869112,1.008490353843131
-0.7390452382305319,-0.5526767865781962
0.26180299622625347,-0.22170405993850317
0.9669324728132392,4.060393896965159
0.7766431481991818,4.385338129996348
0.687600307093282,2.482510638853434
1.6020113395886635,2.514401771938772
-1.9333015790027506,-2.477859093567781
-0.33023327437652744,-0.10321779492400424
-1.4084914006784528,-2.5220616591772913
-0.12177078202438384,0.12547170484510028
-0.2505632149210264,0.5192234718231219
-0.8985428884134333,-2.910018954829626
0.7215356703287543,2.124823257967838
0.7880675598924156,1.3446620265004154
1.1080095394774667,4.3210312433737705
0.2603775194666312,2.384779174632441
0.6454554600668481,1.4592546504366322
0.645715015063704,2.4753540099719324
0.7146024975797874,1.79917786914627
0.817556724703277,2.963289340967251
-0.8347651863635722,-0.31221747796669824
-1.5854657637377458,-1.9188572218521922
-0.18463055345508822,1.2952839927981297
-1.1221904814356456,-0.38263106126737423
0.18541952656514865,1.651309230911349
0.10400669942637346,-0.4268289960935998
1.0040862361539793,4.096259730958761
1.4154300487408007,4.46007952567674
1.0470534308961295,2.8450901739270402
-0.28040799174587294,1.3078953517724132
-0.8592306912138287,-2.1461147496473254
-1.1540126764613432,-1.055456516660678
0.37354349023175837,1.1390611621191087
1.7182195197921724,5.453505371844649
0.35614864231018456,2.80948869200469
-0.08592174049508614,-0.2130014302466663
-0.06434610384527646,0.87322996343997
2.0636562637112412,4.391178771347523
-0.03270275763218879,-0.5673127997057879
-1.9336447137914519,-2.2234051009865574
0.5151986431327428,2.7271571662218137
-0.41304578825786015,0.29587226836299835
0.5077829415801102,1.1940580254973252
0.13954026211681195,-0.5206640356322132
0.910901541279315,4.736869912594199
-1.060942028495062,-1.4907053718417151
0.6037839068331422,1.167132477900721
0.07790946772066105,2.1283897234657583
-2.145591925332761,-1.9971007442149735
0.3480199022298906,3.3224646062677365
-0.05325081820617525,2.3724320805417003
0.12078211906222107,1.6494150044665785
0.4519130955156884,0.4201558777286738
-0.8174348505822672,-0.9896358249792925
-1.3182285093545705,-3.6715502945549545
1.8641764775841516,3.949231661656034
-1.494120757979137,-1.7164985805703878
1.2825062788401085,3.2763378268845584
2.9502866452231914e-4,-0.044177337601381206
0.8188093303206398,1.5962724395966092
-0.1868626493699162,1.108549845255237
-0.3755509771960876,1.608117050760581
-1.278570039290268,-1.4937592532154953
-0.5482724781514294,-0.11673067377576124
0.6836891124553441,1.6829940590643628
-0.8858590099227616,-1.530278469918804
-1.1196759130657512,-1.9947942323705072
0.49428645564662416,0.5575707159589285
-0.43215614935476887,-0.18292569478009657
-0.6708691689597337,0.3388990229874277
1.882006342907318,4.37953824639744
-0.596835104936267,-0.512515216170731
1.6780039965595837,3.392730597718949
-0.7109868991390724,-1.0695870642226426
0.2133607979515719,3.040460543257816
-1.1643291419920134,-3.147584660634851
-1.3458327878820495,-2.9668475450432314
0.10840540741953289,0.5013491380636633
-0.6856463333498335,0.8298673705223121
0.9104526026197642,3.8742621751377744
-1.511542741942802,-3.8345035264419343
0.19651093081768709,0.6152477829519657
-0.302034974064676,0.2445395347540826
-1.1710249276916096,0.8805535267351186
-0.7261502619465485,0.7354246461029548
1.318018470071996,4.2526804044426045
-1.0606831078719563,-0.6644798637804357
1.612052806547406,3.5695343052077027
0.5644595601618982,1.7405268925459099
2.213488149826205,4.024661153845219
0.7690938205740275,1.5958854532422295
-0.9154825110435268,-0.04273106847605024
-0.5384935151299125,1.6133848743139512
-0.9292070805761897,-0.5660423419188955
1.0235931232755653,3.098516356168972
-0.3180067520093392,0.3573255118818864
-1.0488856905451875,-1.0260201697251663
-0.45719952061872754,-0.39149783998182175
0.31340252569862537,0.5532436038481208
2.489900681186004,5.655929532351299
-0.7659038357860903,-1.7772823290225515
1.2221395615412571,2.381397276439022
-0.39108390102626234,0.4529761354252182
-0.6601617083099938,0.14483718825863467
-1.13669564350429,0.35896403927719267
0.22080409536515339,2.347314078694918
1.4707215539280614,4.291830481500506
-0.6893589419941343,0.36259735161280837
0.732773187080679,2.1563056599793966
-0.8825537548355125,-2.1892240798941183
0.7653101812418873,1.8392069657630545
-0.03231009436101794,-0.029325751127159405
-0.5650329922323452,-1.7186638425616632
-0.5399559528583294,0.9891170171183286
-1.0182838847035813,-1.7963412248827315
-0.8067581870619752,-0.8949288733928833
-1.10908660732918,-2.42603416172581
1.5536206443824196,4.501657369600259
-0.8316504180696314,0.7165713177902657
0.40415678889172324,0.25006868616573286
-0.09326452961114065,1.0167551466087408
-0.9120815212494748,-2.3197963712029397
-0.45102637621956737,-0.9635658756222921
1.7001527433295789,7.081113893733434
0.9452571215026906,3.464113941301472
0.8300723137416679,2.2441873253256017
-0.07536021762140019,2.4575050513225376
1.7883213994864582,5.304467675341083
0.5033714687669233,0.9377180506073248
-1.488499477045297,-2.0362285863838907
1.4541744297141053,2.068663187798344
-0.08516556154856064,1.6081413536227547
1.516233107373678,4.348343025556845
1.7454283618814659,3.236454528542064
0.8298622633513453,3.1413330579605745
0.4459377218550411,2.536001023895209
0.4818439894835981,3.266430901515172
-1.4051915800701997,-1.0655691914020613
0.7789605731789587,2.5159715661610904
-0.37738335798823375,-2.8482992073427664
0.47051146930289184,3.338308217622321
1.0654399601995084,3.3003535281297323
1.3966555358691795,4.55343161420336
0.3169094869525993,2.380061397933271
-1.2335829264066513,-0.937707029253647
-1.348702901489166,-1.620778515483485
0.7207884491173717,4.089300113472488
-1.7875878590439893,-2.9359655864127334
-2.160513721290215,-4.209556523841586
-2.410685996808253,-3.2979337099909896
0.2493794647384948,1.7485076891654432
1.1771567250876986,1.7727508111658619
-0.05819193898913016,0.6227508729332061
-1.032896353304549,-1.597324163508906
-1.304016971921766,-2.5445673882633244
0.12744031347122045,1.2539412479433187
-0.7044921795673811,0.7791857257838959
-0.14720726519851798,-0.3450223538355537
0.8261947145568137,1.9643872441805073
0.3908415651596879,3.0700646429567957
1.1172975566966319,4.533384152715663
0.5647419926428002,1.8792110441774077
-0.7630958714176356,-2.208990716814891
0.9499899051387544,2.827826697616262
0.7699610794938501,3.5978856192786983
0.6995952135520402,2.706804198225006
-0.07437662874012824,0.47619938739832995
0.7896906279851797,1.7395805169996412
-2.367063802769559,-3.265678389241973
-0.08208243934057578,0.8425335009892391
-0.9325849831211871,-0.007350425319817444
0.027028822884747773,-0.024228452902300468
-1.5948412777209013,-2.7163293061699294
-1.9965288299836619,-2.4300813533418726
